<?xml version="1.0" encoding="UTF-8"?>

<!DOCTYPE hibernate-configuration SYSTEM
"http://www.hibernate.org/dtd/hibernate-configuration-3.0.dtd">

<hibernate-configuration>
 
<session-factory>
	<property name="hibernate.connection.driver_class">com.mysql.cj.jdbc.Driver</property>
	<property name="hibernate.connection.url">jdbc:mysql://localhost:3306/Project</property>
	<property name="hibernate.connection.username">root</property>
	<property name="hibernate.connection.password">Sonali@123</property>
	<property name="hibernate.connection.pool_size">20</property>
	<property name="show_sql">true</property>
	<property name="hibernate.dialect">org.hibernate.dialect.MySQL8Dialect</property>
	<property name="hibernate.hbm2ddl.auto">update</property>
	<mapping class="son.com.model.Student"/>
	<mapping class="son.com.model.Teacher"/>
	<mapping class="son.com.model.Exam"/>
	<mapping class="son.com.model.Questions"/>
	<mapping class="son.com.model.Exam_Student"/>
</session-factory>
</hibernate-configuration>